year,month,average_ppb
1983,7,1626.05
1983,8,1628.02
1983,9,1638.42
1983,10,1644.81
1983,11,1642.6
1983,12,1639.53
1984,1,1638.74
1984,2,1638.8
1984,3,1640.86
1984,4,1643.98
1984,5,1643.13
1984,6,1639.74
1984,7,1638.01
1984,8,1641.69
1984,9,1650.61
1984,10,1654.6
1984,11,1653.78
1984,12,1656.2
1985,1,1655.6
1985,2,1652.23
1985,3,1654.61
1985,4,1658.2
1985,5,1655.86
1985,6,1650.05
1985,7,1646.83
1985,8,1652.23
1985,9,1662.48
1985,10,1667.51
1985,11,1666.81
1985,12,1666.06
1986,1,1666.29
1986,2,1666.91
1986,3,1669.26
1986,4,1670.81
1986,5,1668.44
1986,6,1664.77
1986,7,1662.35
1986,8,1664.36
1986,9,1672.56
1986,10,1678.68
1986,11,1678.97
1986,12,1679.12
1987,1,1679.43
1987,2,1679.02
1987,3,1680.01
1987,4,1681.37
1987,5,1681.85
1987,6,1679.98
1987,7,1676
1987,8,1677.18
1987,9,1685.58
1987,10,1691.55
1987,11,1691.19
1987,12,1690.51
1988,1,1691.99
1988,2,1692.53
1988,3,1691.29
1988,4,1690.07
1988,5,1689.09
1988,6,1687.19
1988,7,1686.04
1988,8,1689.43
1988,9,1696.11
1988,10,1701.15
1988,11,1702.84
1988,12,1701.9
1989,1,1700.55
1989,2,1701.11
1989,3,1702.49
1989,4,1703.59
1989,5,1703.35
1989,6,1700.2
1989,7,1698.22
1989,8,1701.96
1989,9,1707.16
1989,10,1710.53
1989,11,1713.11
1989,12,1713.22
1990,1,1712.15
1990,2,1713.49
1990,3,1714.35
1990,4,1712.54
1990,5,1710.63
1990,6,1708.45
1990,7,1706.58
1990,8,1710.22
1990,9,1717.58
1990,10,1722.03
1990,11,1723.46
1990,12,1723.32
1991,1,1721.77
1991,2,1721.42
1991,3,1722.09
1991,4,1722.38
1991,5,1722.07
1991,6,1718.85
1991,7,1715.94
1991,8,1719.05
1991,9,1726.01
1991,10,1732.79
1991,11,1737.53
1991,12,1739.57
1992,1,1738.92
1992,2,1737.31
1992,3,1736.8
1992,4,1736.66
1992,5,1735.04
1992,6,1731.58
1992,7,1728.81
1992,8,1730.32
1992,9,1734.59
1992,10,1737.69
1992,11,1739.22
1992,12,1738.52
1993,1,1735.78
1993,2,1734.36
1993,3,1735.38
1993,4,1736.6
1993,5,1734.99
1993,6,1730.88
1993,7,1728.03
1993,8,1731.13
1993,9,1738.44
1993,10,1743.39
1993,11,1745.21
1993,12,1744.3
1994,1,1741.41
1994,2,1740.77
1994,3,1741.88
1994,4,1741.99
1994,5,1740.73
1994,6,1736.92
1994,7,1732.32
1994,8,1734.04
1994,9,1742.98
1994,10,1749.88
1994,11,1751.38
1994,12,1751.71
1995,1,1751.15
1995,2,1749.49
1995,3,1748.99
1995,4,1749.43
1995,5,1747.64
1995,6,1742.82
1995,7,1740.18
1995,8,1743.58
1995,9,1749.77
1995,10,1754.36
1995,11,1755.5
1995,12,1753.85
1996,1,1752.24
1996,2,1752.73
1996,3,1752.24
1996,4,1749.65
1996,5,1748.27
1996,6,1746.01
1996,7,1742.07
1996,8,1744.26
1996,9,1752.6
1996,10,1758.89
1996,11,1760.05
1996,12,1756.94
1997,1,1753.4
1997,2,1753.85
1997,3,1755.67
1997,4,1755.54
1997,5,1753.79
1997,6,1750.08
1997,7,1746.06
1997,8,1747.74
1997,9,1754.97
1997,10,1760.3
1997,11,1761.7
1997,12,1761.89
1998,1,1761.48
1998,2,1761.47
1998,3,1762.95
1998,4,1764.75
1998,5,1764.3
1998,6,1760.35
1998,7,1756.17
1998,8,1760.2
1998,9,1770.7
1998,10,1776.29
1998,11,1775.54
1998,12,1774.09
1999,1,1773.8
1999,2,1773.88
1999,3,1774.57
1999,4,1774.96
1999,5,1772.64
1999,6,1767.33
1999,7,1762.96
1999,8,1764.62
1999,9,1771.01
1999,10,1776.62
1999,11,1778.53
1999,12,1777.23
2000,1,1775.54
2000,2,1775.44
2000,3,1776.49
2000,4,1777.22
2000,5,1774.56
2000,6,1768.13
2000,7,1763.48
2000,8,1765.43
2000,9,1772.02
2000,10,1777.1
2000,11,1777.72
2000,12,1775.3
2001,1,1772.88
2001,2,1772.51
2001,3,1773.65
2001,4,1773.88
2001,5,1770.87
2001,6,1766.1
2001,7,1763.04
2001,8,1764.5
2001,9,1770.44
2001,10,1775.5
2001,11,1776.57
2001,12,1775.92
2002,1,1774.13
2002,2,1772.85
2002,3,1773.42
2002,4,1772.75
2002,5,1770.27
2002,6,1766.88
2002,7,1764.28
2002,8,1766.97
2002,9,1773.75
2002,10,1778.27
2002,11,1779.49
2002,12,1779.65
2003,1,1777.54
2003,2,1774.81
2003,3,1774.83
2003,4,1775.81
2003,5,1774.44
2003,6,1771.68
2003,7,1770.73
2003,8,1774.29
2003,9,1780.54
2003,10,1784.69
2003,11,1785.27
2003,12,1783.56
2004,1,1780.74
2004,2,1779.67
2004,3,1780.93
2004,4,1780.89
2004,5,1777.73
2004,6,1772.43
2004,7,1768.18
2004,8,1769.97
2004,9,1775.87
2004,10,1780.09
2004,11,1780.53
2004,12,1778.16
2005,1,1776.11
2005,2,1775.73
2005,3,1775.56
2005,4,1774.78
2005,5,1772.49
2005,6,1768.8
2005,7,1766.41
2005,8,1768.13
2005,9,1773.19
2005,10,1778.55
2005,11,1781.22
2005,12,1780.27
2006,1,1779.54
2006,2,1779.46
2006,3,1777.39
2006,4,1776.13
2006,5,1774.9
2006,6,1769.23
2006,7,1764.18
2006,8,1767.23
2006,9,1774.58
2006,10,1778.25
2006,11,1779.03
2006,12,1779.92
2007,1,1779.26
2007,2,1778.66
2007,3,1780.26
2007,4,1781.03
2007,5,1779.27
2007,6,1775.47
2007,7,1772.67
2007,8,1777.32
2007,9,1785.86
2007,10,1789.7
2007,11,1789.32
2007,12,1788.08
2008,1,1786.71
2008,2,1785.8
2008,3,1786.16
2008,4,1786.91
2008,5,1785.21
2008,6,1780.46
2008,7,1777.65
2008,8,1781.03
2008,9,1787.64
2008,10,1793.69
2008,11,1797.31
2008,12,1796.58
2009,1,1795.04
2009,2,1795.51
2009,3,1795.87
2009,4,1795.54
2009,5,1792.41
2009,6,1786.97
2009,7,1785.06
2009,8,1788.89
2009,9,1794.79
2009,10,1798.01
2009,11,1797.84
2009,12,1796.74
2010,1,1797.38
2010,2,1798.95
2010,3,1799.49
2010,4,1799.62
2010,5,1797.62
2010,6,1792.4
2010,7,1789.31
2010,8,1793.99
2010,9,1801.92
2010,10,1806.73
2010,11,1807.07
2010,12,1803.29
2011,1,1799.98
2011,2,1799.92
2011,3,1800.94
2011,4,1802.8
2011,5,1803.09
2011,6,1798.94
2011,7,1796.03
2011,8,1799
2011,9,1804.18
2011,10,1809.62
2011,11,1812.4
2011,12,1810.1
2012,1,1807.31
2012,2,1808.18
2012,3,1809.95
2012,4,1808.5
2012,5,1804.79
2012,6,1801
2012,7,1799.36
2012,8,1803.24
2012,9,1810.11
2012,10,1814.85
2012,11,1815.93
2012,12,1814.55
2013,1,1814.06
2013,2,1814.14
2013,3,1813.25
2013,4,1812.85
2013,5,1811.93
2013,6,1808.58
2013,7,1805.99
2013,8,1808.52
2013,9,1814.23
2013,10,1818.52
2013,11,1820.33
2013,12,1819.32
2014,1,1816.78
2014,2,1816.27
2014,3,1818.05
2014,4,1820.88
2014,5,1821.94
2014,6,1818.47
2014,7,1815.8
2014,8,1819.9
2014,9,1826.88
2014,10,1831.23
2014,11,1832.98
2014,12,1833.45
2015,1,1833.12
2015,2,1832.95
2015,3,1833.19
2015,4,1833.16
2015,5,1831.51
2015,6,1827.11
2015,7,1824.6
2015,8,1828.96
2015,9,1836.2
2015,10,1841.49
2015,11,1844.53
2015,12,1844.74
2016,1,1842.54
2016,2,1841.73
2016,3,1843.04
2016,4,1843.76
2016,5,1842.14
2016,6,1837.89
2016,7,1834.27
2016,8,1836.82
2016,9,1844.32
2016,10,1849.97
2016,11,1851.46
2016,12,1851.07
2017,1,1849.79
2017,2,1848.54
2017,3,1848.28
2017,4,1848.6
2017,5,1847.21
2017,6,1842.89
2017,7,1840.24
2017,8,1844.57
2017,9,1852.75
2017,10,1858.04
2017,11,1858.6
2017,12,1856.59
2018,1,1854.54
2018,2,1855.07
2018,3,1856.96
2018,4,1856.75
2018,5,1854.71
2018,6,1851.85
2018,7,1849.07
2018,8,1851.93
2018,9,1860.46
2018,10,1865.75
2018,11,1866.24
2018,12,1866.03
2019,1,1865.05
2019,2,1865.05
2019,3,1866.32
2019,4,1865.35
2019,5,1861.96
2019,6,1858.6
2019,7,1858.11
2019,8,1862.97
2019,9,1870.87
2019,10,1875.5
2019,11,1875.66
2019,12,1874.63
2020,1,1872.92
2020,2,1872.28
2020,3,1874.37
2020,4,1875.79
2020,5,1874.4
2020,6,1871.97
2020,7,1871.49
2020,8,1876.38
2020,9,1884.55
2020,10,1890
2020,11,1891.47
2020,12,1890.97
2021,1,1888.62
2021,2,1886.65
2021,3,1887.99
2021,4,1890.81
2021,5,1891.27
2021,6,1888.08
2021,7,1886
2021,8,1892.31
2021,9,1902.42
2021,10,1907.92
2021,11,1909.22
2021,12,1907.95
2022,1,1906.34
2022,2,1906.41
2022,3,1907.77
2022,4,1908.85
2022,5,1907.48
2022,6,1904.82
2022,7,1904.01
2022,8,1908.31
2022,9,1915.02
2022,10,1919.46
2022,11,1922.25
2022,12,1922.13
2023,1,1919.97
2023,2,1918.94
2023,3,1918.71
2023,4,1919.53
2023,5,1918.86
2023,6,1914.97
2023,7,1912.95
2023,8,1916.66
2023,9,1924.37
2023,10,1930.11
2023,11,1931.53
2023,12,1931.15
2024,1,1928.2
2024,2,1925.59
2024,3,1926.85
2024,4,1928.22
2024,5,1925.41
2024,6,1921.37
2024,7,1920.4
2024,8,1924.79
2024,9,1934.24
2024,10,1940.71
2024,11,1940.09
2024,12,1937.62
2025,1,1935.74
2025,2,1934.39
2025,3,1934.02
2025,4,1934.59
2025,5,1933.16
2025,6,1929.02
2025,7,1927.2
2025,8,1931.4
2025,9,1939.31
2025,10,1945.07
2025,11,1945.42
2025,12,1942.52
2026,1,1940.69
2026,2,1939.38
2026,3,1936.99
2026,4,1937.59
